userTypeName,userName,password,id
Doctor,d1001,123abc,1001
Doctor,d1002,124abc,1002
Doctor,d1003,125abc,1003
Doctor,d1004,126abc,1004
Doctor,d1005,127abc,1005
Doctor,d1006,128abc,1006
Doctor,d1007,129abc,1007
Doctor,d1008,130abc,1008
Doctor,d1009,131abc,1009
Doctor,d1010,132abc,1010
Doctor,d1011,133abc,1011
Doctor,d1012,134abc,1012
Doctor,d1013,135abc,1013
Doctor,d1014,136abc,1014
Doctor,d1015,137abc,1015
Doctor,d1016,138abc,1016
Doctor,d1017,139abc,1017
Doctor,d1018,140abc,1018
Doctor,d1019,141abc,1019
Doctor,d1020,142abc,1020
Doctor,d1021,143abc,1021
Doctor,d1022,144abc,1022
Doctor,d1023,145abc,1023
Doctor,d1024,146abc,1024
Doctor,d1025,147abc,1025
Doctor,d1026,148abc,1026
Doctor,d1027,149abc,1027
Doctor,d1028,150abc,1028
Doctor,d1029,151abc,1029
Doctor,d1030,152abc,1030
Patient,p2001,153abc,2001
Patient,p2002,154abc,2002
Patient,p2003,155abc,2003
Patient,p2004,156abc,2004
Patient,p2005,157abc,2005
Patient,p2006,158abc,2006
Patient,p2007,159abc,2007
Patient,p2008,160abc,2008
Patient,p2009,161abc,2009
Patient,p2010,162abc,2010
Patient,p2011,163abc,2011
Patient,p2012,164abc,2012
Patient,p2013,165abc,2013
Patient,p2014,166abc,2014
Patient,p2015,167abc,2015
Patient,p2016,168abc,2016
Patient,p2017,169abc,2017
Patient,p2018,170abc,2018
Patient,p2019,171abc,2019
Patient,p2020,172abc,2020
Patient,p2021,173abc,2021
Patient,p2022,174abc,2022
Patient,p2023,175abc,2023
Patient,p2024,176abc,2024
Patient,p2025,177abc,2025
Patient,p2026,178abc,2026
Patient,p2027,179abc,2027
Patient,p2028,180abc,2028
Patient,p2029,181abc,2029
Patient,p2030,182abc,2030
Patient,p2031,183abc,2031
Patient,p2032,184abc,2032
Patient,p2033,185abc,2033
Patient,p2034,186abc,2034
Patient,p2035,187abc,2035
Patient,p2036,188abc,2036
Patient,p2037,189abc,2037
Patient,p2038,190abc,2038
Patient,p2039,191abc,2039
Patient,p2040,192abc,2040
Patient,p2041,193abc,2041
Patient,p2042,194abc,2042
Patient,p2043,195abc,2043
Patient,p2044,196abc,2044
Patient,p2045,197abc,2045
Patient,p2046,198abc,2046
Patient,p2047,199abc,2047
Patient,p2048,200abc,2048
Patient,p2049,201abc,2049
Patient,p2050,202abc,2050
Patient,p2051,203abc,2051
Patient,p2052,204abc,2052
Patient,p2053,205abc,2053
Patient,p2054,206abc,2054
Patient,p2055,207abc,2055
Patient,p2056,208abc,2056
Patient,p2057,209abc,2057
Patient,p2058,210abc,2058
Patient,p2059,211abc,2059
Patient,p2060,212abc,2060
Patient,p2061,213abc,2061
Patient,p2062,214abc,2062
Patient,p2063,215abc,2063
Patient,p2064,216abc,2064
Patient,p2065,217abc,2065
Patient,p2066,218abc,2066
Patient,p2067,219abc,2067
Patient,p2068,220abc,2068
Patient,p2069,221abc,2069
Patient,p2070,222abc,2070
Patient,p2071,223abc,2071
Patient,p2072,224abc,2072
Patient,p2073,225abc,2073
Patient,p2074,226abc,2074
Patient,p2075,227abc,2075
Patient,p2076,228abc,2076
Patient,p2077,229abc,2077
Patient,p2078,230abc,2078
Patient,p2079,231abc,2079
Patient,p2080,232abc,2080
Patient,p2081,233abc,2081
Patient,p2082,234abc,2082
Patient,p2083,235abc,2083
Patient,p2084,236abc,2084
Patient,p2085,237abc,2085
Patient,p2086,238abc,2086
Patient,p2087,239abc,2087
Patient,p2088,240abc,2088
Patient,p2089,241abc,2089
Patient,p2090,242abc,2090
Patient,p2091,243abc,2091
Patient,p2092,244abc,2092
Patient,p2093,245abc,2093
Patient,p2094,246abc,2094
Patient,p2095,247abc,2095
Patient,p2096,248abc,2096
Patient,p2097,249abc,2097
Patient,p2098,250abc,2098
Patient,p2099,251abc,2099
Patient,p2100,252abc,2100
Patient,p2101,253abc,2101
Patient,p2102,254abc,2102
Patient,p2103,255abc,2103
Patient,p2104,256abc,2104
Patient,p2105,257abc,2105
Patient,p2106,258abc,2106
Patient,p2107,259abc,2107
Patient,p2108,260abc,2108
Patient,p2109,261abc,2109
Patient,p2110,262abc,2110
Patient,p2111,263abc,2111
Patient,p2112,264abc,2112
Patient,p2113,265abc,2113
Patient,p2114,266abc,2114
Patient,p2115,267abc,2115
Patient,p2116,268abc,2116
Patient,p2117,269abc,2117
Patient,p2118,270abc,2118
Patient,p2119,271abc,2119
Patient,p2120,272abc,2120
Patient,p2121,273abc,2121
Patient,p2122,274abc,2122
Patient,p2123,275abc,2123
Patient,p2124,276abc,2124
Patient,p2125,277abc,2125
Patient,p2126,278abc,2126
Patient,p2127,279abc,2127
Patient,p2128,280abc,2128
Patient,p2129,281abc,2129
Patient,p2130,282abc,2130
Patient,p2131,283abc,2131
Patient,p2132,284abc,2132
Patient,p2133,285abc,2133
Patient,p2134,286abc,2134
Patient,p2135,287abc,2135
Patient,p2136,288abc,2136
Patient,p2137,289abc,2137
Patient,p2138,290abc,2138
Patient,p2139,291abc,2139
Patient,p2140,292abc,2140
Patient,p2141,293abc,2141
Patient,p2142,294abc,2142
Patient,p2143,295abc,2143
Patient,p2144,296abc,2144
Patient,p2145,297abc,2145
Patient,p2146,298abc,2146
Patient,p2147,299abc,2147
Patient,p2148,300abc,2148
Patient,p2149,301abc,2149
Patient,p2150,302abc,2150
Patient,p2151,303abc,2151
Patient,p2152,304abc,2152
Patient,p2153,305abc,2153
Patient,p2154,306abc,2154
Patient,p2155,307abc,2155
Patient,p2156,308abc,2156
Patient,p2157,309abc,2157
Patient,p2158,310abc,2158
Patient,p2159,311abc,2159
Patient,p2160,312abc,2160
Patient,p2161,313abc,2161
Patient,p2162,314abc,2162
Patient,p2163,315abc,2163
Patient,p2164,316abc,2164
Patient,p2165,317abc,2165
Patient,p2166,318abc,2166
Patient,p2167,319abc,2167
Patient,p2168,320abc,2168
Patient,p2169,321abc,2169
Patient,p2170,322abc,2170
Patient,p2171,323abc,2171
Patient,p2172,324abc,2172
Patient,p2173,325abc,2173
Patient,p2174,326abc,2174
Patient,p2175,327abc,2175
Patient,p2176,328abc,2176
Patient,p2177,329abc,2177
Patient,p2178,330abc,2178
Patient,p2179,331abc,2179
Patient,p2180,332abc,2180
Patient,p2181,333abc,2181
Patient,p2182,334abc,2182
Patient,p2183,335abc,2183
Patient,p2184,336abc,2184
Patient,p2185,337abc,2185
Patient,p2186,338abc,2186
Patient,p2187,339abc,2187
Patient,p2188,340abc,2188
Patient,p2189,341abc,2189
Patient,p2190,342abc,2190
Patient,p2191,343abc,2191
Patient,p2192,344abc,2192
Patient,p2193,345abc,2193
Patient,p2194,346abc,2194
Patient,p2195,347abc,2195
Patient,p2196,348abc,2196
Patient,p2197,349abc,2197
Patient,p2198,350abc,2198
Patient,p2199,351abc,2199
Patient,p2200,352abc,2200
